title,link,published,summary,source
"Asian shares hit record, oil swings on Venezuela",https://economictimes.indiatimes.com/markets/stocks/news/asian-shares-hit-record-oil-swings-on-venezuela/articleshow/126342442.cms,2026-01-05 06:35:34 IST,"Asian equities surged to a record high, driven by technology shares, while oil prices fluctuated and precious metals climbed. The ousting of Venezuela's president introduced a geopolitical flashpoint, but markets largely digested the news, with traders refocusing on rate paths and liquidity conditions.",https://economictimes.indiatimes.com/markets/stocks/rssfeeds/2146843.cms
Market surges to new highs: Which stocks should you be buying now?,https://economictimes.indiatimes.com/markets/stocks/news/market-surges-to-new-highs-which-stocks-should-you-be-buying-now/articleshow/126342340.cms,2026-01-05 06:18:10 IST,"Benchmark indices reached new all-time highs as 2026 trading commenced, fueling stock-specific action. Traders carried forward bullish bets and reduced bearish positions in select stock futures for the January series. Several stocks, including UNO Minda, Tata Power, and Varun Beverages, are showing strong momentum and are poised for significant movement.",https://economictimes.indiatimes.com/markets/stocks/rssfeeds/2146843.cms
"Stocks in news: DMart, Bajaj Finance, Marico, Vedanta, Hindustan Zinc",https://economictimes.indiatimes.com/markets/stocks/news/stocks-in-news-dmart-bajaj-finance-marico-vedanta-hindustan-zinc/articleshow/126336678.cms,2026-01-05 06:11:00 IST,"Indian markets surged to new record highs, marking a strong start to the New Year. Nifty decisively crossed the 26,200 mark. Several companies like DMart, Bajaj Finance, and Marico are in focus due to Q3 updates. DMart reported a 13% revenue jump, while Bajaj Finance saw a 15% increase in new loans booked.",https://economictimes.indiatimes.com/markets/stocks/rssfeeds/2146843.cms
Pre-market action: Here's the trade setup for today's session,https://economictimes.indiatimes.com/markets/stocks/news/pre-market-action-heres-the-trade-setup-for-todays-session/articleshow/126336725.cms,2026-01-05 06:11:00 IST,"Indian stock markets started the New Year strongly, breaking a five-week consolidation. The upcoming week promises significant economic data releases both in India and globally. Investors will closely watch India's Services PMI, Composite PMI, and GDP growth figures. The earnings season is also set to begin, adding to market activity.",https://economictimes.indiatimes.com/markets/stocks/rssfeeds/2146843.cms
Falling provisions set to lift banks' RoA in December quarter,https://economictimes.indiatimes.com/markets/stocks/news/falling-provisions-set-to-lift-banks-roa-in-december-quarter/articleshow/126342317.cms,2026-01-05 06:03:30 IST,Banks are likely to see lower provisioning for bad loans in the December quarter. This follows a significant drop in the previous quarter. Improved loan collection and fewer new bad loans are driving this trend. Stress in unsecured loans is also expected to ease. This should boost banks' profitability. Analysts anticipate better bank performance from the December quarter onwards.,https://economictimes.indiatimes.com/markets/stocks/rssfeeds/2146843.cms
"Nifty could head to 26,800 in Jan; dips a buying opportunity",https://economictimes.indiatimes.com/markets/stocks/news/nifty-could-head-to-26800-in-jan-dips-a-buying-opportunity/articleshow/126342261.cms,2026-01-05 05:53:22 IST,"The Nifty has broken out of a five-week consolidation, signaling a resumption of its uptrend and is expected to rally towards 26,800 in January. Analysts suggest buying on dips as long as the index holds above key support levels, with positive momentum indicators supporting the bullish outlook.",https://economictimes.indiatimes.com/markets/stocks/rssfeeds/2146843.cms
ET Exclusive: Air India set to say 'Tata' to CEO Campbell Wilson in cockpit reset,https://economictimes.indiatimes.com/markets/stocks/news/et-exclusive-air-india-set-to-say-tata-to-ceo-campbell-wilson-in-cockpit-reset/articleshow/126342375.cms,2026-01-05 05:30:00 IST,"Tata Sons is actively seeking new leadership for its airline business, with chairman N Chandrasekaran reportedly in talks with international aviation executives. These discussions are occurring as current Air India CEO Campbell Wilson's term nears its end in June 2027, and similar changes are anticipated for Air India Express.",https://economictimes.indiatimes.com/markets/stocks/rssfeeds/2146843.cms
Stock Radar: HPCL stock gave a range breakout after 9-week consolidation to hit fresh record highs; time to buy?,https://economictimes.indiatimes.com/markets/stocks/news/stock-radar-hpcl-stock-gave-a-range-breakout-after-9-week-consolidation-to-hit-fresh-record-highs-time-to-buy/articleshow/126302370.cms,2026-01-05 05:00:00 IST,"Hindustan Petroleum Corporation Ltd (HPCL) broke out after a 9-week consolidation, hitting a record high of Rs 502 on January 1. Despite entering the overbought zone, analysts see sustained momentum and recommend buying on dips, targeting Rs 550 in 1–2 months with a stop loss at Rs 475.",https://economictimes.indiatimes.com/markets/stocks/rssfeeds/2146843.cms
"HDFC AMC to enter private credit, plans Rs 2.5k-cr fund",https://economictimes.indiatimes.com/markets/stocks/news/hdfc-amc-to-enter-private-credit-plans-rs-2-5k-cr-fund/articleshow/126342324.cms,2026-01-05 01:15:40 IST,"International Finance Corp., the World Bank Group's private-sector arm, has committed Rs 220 crore as anchor investor, while the remaining capital is coming from institutional investors, family offices and ultra-high-net-worth individuals.",https://economictimes.indiatimes.com/markets/stocks/rssfeeds/2146843.cms
"Banks' asset quality getting better, gross NPAs at 10-year low",https://economictimes.indiatimes.com/markets/stocks/news/banks-asset-quality-getting-better-gross-npas-at-10-year-low/articleshow/126342301.cms,2026-01-05 01:03:45 IST,"Indian banks show improved asset quality with declining bad loans. Special Mention Accounts and Gross Non-Performing Assets have fallen significantly. Stress in MSME and unsecured loans has also eased. While overall credit costs are stable, certain segments like micro-LAP and commercial vehicles require monitoring. Lenders report better collection efficiencies, indicating a positive trend in the banking sector.",https://economictimes.indiatimes.com/markets/stocks/rssfeeds/2146843.cms
"Record health insurance claims settled in FY25, average payout per claim declines",https://economictimes.indiatimes.com/markets/stocks/news/record-health-insurance-claims-settled-in-fy25-average-payout-per-claim-declines/articleshow/126342292.cms,2026-01-05 00:35:43 IST,"Indian insurers settled a record number of health claims in FY25. Settlement ratios improved significantly, with fewer claims rejected.  Average payouts per claim decreased due to wider policy coverage.  Cashless treatments continued to dominate claim payments.  Regulators pushed for faster, more transparent settlements, leading to improved processing times and tighter oversight.",https://economictimes.indiatimes.com/markets/stocks/rssfeeds/2146843.cms
"Breakout stocks to buy or sell: Amid ongoing US-Venezuela conflict, Sumeet Bagadia recommends five shares to buy",https://www.livemint.com/market/stock-market-news/breakout-stocks-to-buy-or-sell-amid-ongoing-us-venezuela-conflict-sumeet-bagadia-recommends-five-shares-to-buy-11767573702397.html,2026-01-05 06:49:36 IST,"Breakout stocks to buy or sell: Sumeet Bagadia recommends five shares to buy today - Jbm Auto, Anant Raj, CESC, Elecon Engineering Company, and UNO Minda.",https://www.livemint.com/rss/markets
"Silver rate today LIVE: COMEX silver jumps over 6% on US-Venezuela conflict, experts predict gap-up opening on MCX",https://www.livemint.com/market/commodities/silver-rate-today-live-comex-silver-jumps-over-6-on-us-venezuela-conflict-experts-predict-gap-up-opening-on-mcx-11767574246201.html,2026-01-05 06:48:34 IST,Silver rate today opened upside in the international market and touched an intraday high of $75.968 per ounce,https://www.livemint.com/rss/markets
Will US action in Venezuela push oil lower—and become a tailwind for Indian markets?,https://www.livemint.com/market/stock-market-news/will-us-action-in-venezuela-push-oil-lower-and-become-a-tailwind-for-indian-markets-11767529699554.html,2026-01-05 06:01:05 IST,"Market experts are split on whether US military action in oil-rich Venezuela will trigger short-term volatility or eventually lower crude prices, potentially supporting Indian equities amid strong domestic fundamentals.",https://www.livemint.com/rss/markets
Equity investors are piling in from far-flung corners of India,https://www.livemint.com/market/capital-market-participation-gets-widers-as-investors-pile-in-from-far-flung-regions-mutual-funds-ipo-11767511998133.html,2026-01-05 06:01:05 IST,"New unique investors are being added at a much faster pace in northeasern states, J&amp;amp;K and Ladakh than some of the traditionally dominant investing regions including Maharashtra and Gujarat",https://www.livemint.com/rss/markets
Top three stocks to buy today—recommended by Ankush Bajaj for 5 January,https://www.livemint.com/market/stock-market-news/top-three-stocks-to-buy-today-ankush-bajaj-5-january-nifty-sensex-11767452365292.html,2026-01-05 06:01:05 IST,"Market expert Ankush Bajaj recommends three stocks to buy on Saturday, 3 January.",https://www.livemint.com/rss/markets
Steel cos' stocks get a duty boost amid dull expectations for Q3,https://www.livemint.com/market/mark-to-market/steel-cos-stocks-get-a-duty-boost-amid-dull-expectations-for-q3-tata-jsw-jindal-11767509892335.html,2026-01-05 06:00:25 IST,"Despite the duty moat, analysts expect a sequential decline in Ebitda per tonne due to rising coking coal costs, increased domestic supply from new capacities, and a seasonal dip in demand.",https://www.livemint.com/rss/markets
Stock recommendations for 5 January from MarketSmith India,https://www.livemint.com/market/stock-market-news/stock-recommendations-5-january-marketsmith-india-sensex-nifty-outlook-trade-set-up-11767356890158.html,2026-01-05 06:00:05 IST,"MarketSmith India reveals its top stock recommendations for today, 5 January. Get expert insights into the best-performing stocks to guide your investment decisions.",https://www.livemint.com/rss/markets
Stocks to buy: Raja Venkatraman's top picks for 5 January,https://www.livemint.com/market/stock-market-news/stocks-to-buy-raja-venkatraman-5-january-stock-picks-sensex-nifty-11767362072167.html,2026-01-05 06:00:05 IST,"Market expert Raja Venkatraman shares his top three stock picks to buy today, 5 January. Discover his exclusive picks and analysis to inform your investment strategy.",https://www.livemint.com/rss/markets
"Equities could partly drive rally, but hold on to gold and silver, says Radhika Gupta of Edelweiss MF",https://www.livemint.com/market/stock-market-news/equities-could-partly-drive-rally-but-hold-on-to-gold-and-silver-says-radhika-gupta-of-edelweiss-mf-11767512353182.html,2026-01-05 05:50:24 IST,"Trade deals are critical for India and globally and if India’s trade deal with the US isn’t concluded by March, conditions could get tougher, says Radhika Gupta, MD &amp;amp; CEO of Edelweiss MF.",https://www.livemint.com/rss/markets
"Inox Clean acquires 300 MW of SunSource green power portfolio in  ₹1,000-cr deal",https://www.livemint.com/companies/news/inox-clean-energy-m-a-deal-sunsource-energy-green-power-renewables-11767536189117.html,2026-01-05 06:01:06 IST,"The acquisition would be funded through the company's pre-IPO fundraises, internal accruals and capital from the promoters.",https://www.livemint.com/rss/companies
"Promoter selling hits record in secondary market, buying dips to 3-year low",https://www.livemint.com/companies/news/india-promoter-equity-sales-record-buying-lowest-market-valuations-impact-11767505435567.html,2026-01-05 05:45:44 IST,"Driven by high valuations in sectors like telecom and aviation, this selling spree was contrasted by a sharp decline in promoter buying, which hit a three-year low.",https://www.livemint.com/rss/companies
Country’s second-largest battery maker wants to crack North American market,https://www.livemint.com/companies/news/amara-raja-battery-exports-us-market-agm-technology-expansion-strategy-11767514326020.html,2026-01-05 05:30:44 IST,Amara Raja is targeting the North American market to double its export revenue share to 25% within five years.,https://www.livemint.com/rss/companies
Nykaa shares in focus on Q3 business update. Here’s everything you need to know,https://economictimes.indiatimes.com/markets/stocks/news/nykaa-shares-in-focus-on-q3-business-update-heres-everything-you-need-to-know/articleshow/126343945.cms,2026-01-05 09:09:54 IST,"FSN E-Commerce Ventures, Nykaa's parent company, is set for focus after a strong Q3 FY2026 business update. The company anticipates consolidated GMV and NSV growth in the late twenties, driven by accelerated Beauty vertical performance and a revival in Fashion. Net revenue growth is expected at the upper end of the mid-twenties, marking a slight acceleration.",https://economictimes.indiatimes.com/markets/stocks/rssfeeds/2146843.cms
"ITC shares in focus as stock hits 3-year low, brokerages downgrade after steep excise duty hike on cigarettes",https://economictimes.indiatimes.com/markets/stocks/news/itc-shares-in-focus-as-stock-hits-3-year-low-brokerages-downgrade-after-steep-excise-duty-hike-on-cigarettes/articleshow/126343941.cms,2026-01-05 09:09:18 IST,"ITC shares slid to a three-year low after a sharp tobacco tax hike triggered widespread brokerage downgrades. Analysts warn that higher excise and GST rates could force steep price increases, hurt cigarette volumes, and compress margins, prompting target cuts and cautious outlooks despite ITC’s diversified FMCG presence.",https://economictimes.indiatimes.com/markets/stocks/rssfeeds/2146843.cms
"Bajaj Finance shares in focus after Q3 update signals steady momentum as customer base, AUM climb",https://economictimes.indiatimes.com/markets/stocks/news/bajaj-finance-shares-in-focus-after-q3-update-signals-steady-momentum-as-customer-base-aum-climb/articleshow/126343925.cms,2026-01-05 09:08:15 IST,"Bajaj Finance shares are set to be in focus after the lender’s December-quarter business update showed steady growth in customers, loan bookings and assets under management, reinforcing confidence after a strong September-quarter earnings performance.",https://economictimes.indiatimes.com/markets/stocks/rssfeeds/2146843.cms
MCX stock &amp; the metals mania: Volatility is winning but how much upside is really left?,https://economictimes.indiatimes.com/markets/stocks/news/mcx-stock-the-metals-mania-volatility-is-winning-but-how-much-upside-is-really-left/articleshow/126343919.cms,2026-01-05 09:07:09 IST,"Multi Commodity Exchange of India Ltd (MCX) shares have surged, driven by persistent commodity volatility rather than just price increases. Analysts emphasize that trading volumes, not commodity prices, fuel MCX's earnings, with operating leverage kicking in when activity remains elevated. The sustainability of this volatility dividend and its impact on MCX's valuation are key investor concerns.",https://economictimes.indiatimes.com/markets/stocks/rssfeeds/2146843.cms
ONGC may receive $500 million of unpaid dividends if US lifts sanctions on Venezuelan oil,https://economictimes.indiatimes.com/markets/stocks/news/ongc-may-receive-500-million-of-unpaid-dividends-if-us-lifts-sanctions-on-venezuelan-oil/articleshow/126343883.cms,2026-01-05 09:04:06 IST,"ONGC could unlock about US$500 million in unpaid dividends from its Venezuelan assets if US-led restructuring eases sanctions, Jefferies said. Recovery would bolster cash flows, balance sheet strength and investor sentiment, adding to robust profitability and valuation comfort, while reviving optionality from stalled Venezuelan projects.",https://economictimes.indiatimes.com/markets/stocks/rssfeeds/2146843.cms
"US-Venezuela tensions: Here’s how crude, gold, dollar are reacting on Monday morning",https://economictimes.indiatimes.com/markets/stocks/news/us-venezuela-tensions-heres-how-crude-gold-dollar-are-reacting-on-monday-morning/articleshow/126343855.cms,2026-01-05 08:59:31 IST,"Global markets opened in 2026 on edge after a U.S. military operation led to the capture of Venezuela’s President Nicolas Maduro. The escalation has heightened geopolitical risk, triggering volatility across crude oil, precious metals, currencies and equities, as investors reassess supply risks, safe-haven demand and near-term market direction.",https://economictimes.indiatimes.com/markets/stocks/rssfeeds/2146843.cms
"Maruti Suzuki India, L&amp;T among 4 Nifty stocks witness 5-year swing high breakout",https://economictimes.indiatimes.com/markets/stocks/news/maruti-suzuki-india-lt-among-4-nifty-stocks-witness-5-year-swing-high-breakout/slideshow/126343805.cms,2026-01-05 08:52:15 IST,"Four Nifty50 stocks touched a 5-year swing high at the close on January 2, signalling strengthening bullish momentum. Such levels reflect sustained buying interest and improving trend strength. While considered a positive technical signal, a swing high remains distinct from a confirmed long-term breakout beyond established resistance.",https://economictimes.indiatimes.com/markets/stocks/rssfeeds/2146843.cms
"ONGC, Reliance and other oil-linked stocks in focus after U.S. raids Venezuela",https://economictimes.indiatimes.com/markets/stocks/news/ongc-reliance-and-other-oil-linked-stocks-in-focus-after-u-s-raids-venezuela/articleshow/126343701.cms,2026-01-05 08:52:06 IST,"Oil-linked stocks including ONGC, Reliance Industries, Oil India and Indian Oil Corporation are set to be in focus after a dramatic U.S. military raid in Venezuela reshaped political control in the oil-rich nation and pushed crude prices lower, even as brokerages flag the potential unlocking of long-pending Venezuelan dividends as a key catalyst for ONGC.",https://economictimes.indiatimes.com/markets/stocks/rssfeeds/2146843.cms
Swiggy among 7 F&amp;O stocks with a sharp rise in futures open interest,https://economictimes.indiatimes.com/markets/stocks/news/swiggy-among-7-fo-stocks-with-a-sharp-rise-in-futures-open-interest/slideshow/126343733.cms,2026-01-05 08:46:05 IST,"As of January 2, seven stocks in the NSE F&amp;O segment saw a sharp rise in futures open interest, signalling heightened derivatives activity. Rising open interest reflects growing participation, with traders initiating fresh positions or expanding existing exposure, pointing to stronger conviction on near-term price direction.",https://economictimes.indiatimes.com/markets/stocks/rssfeeds/2146843.cms
How Reliance Industries and ONGC may benefit from US takeover of Venezuelan oil,https://economictimes.indiatimes.com/markets/stocks/news/how-reliance-industries-and-ongc-may-benefit-from-us-takeover-of-venezuelan-oil/articleshow/126343634.cms,2026-01-05 08:45:19 IST,"Jefferies sees Reliance Industries and ONGC as key Indian beneficiaries of a potential US-led restructuring of Venezuela’s oil sector. While Venezuela holds vast reserves, its low current output limits any near-term impact on crude prices. Over the medium term, higher investment and production could reshape supply dynamics, with implications for margins, cash flows and valuations.",https://economictimes.indiatimes.com/markets/stocks/rssfeeds/2146843.cms
"Bajaj Housing Finance shares in focus as Q3 update shows higher disbursements, AUM growth",https://economictimes.indiatimes.com/markets/stocks/news/bajaj-housing-finance-shares-in-focus-as-q3-update-shows-higher-disbursements-aum-growth/articleshow/126343606.cms,2026-01-05 08:43:11 IST,"Bajaj Housing Finance's shares are poised for attention following a robust Q3 FY26 business update. The company reported significant year-on-year growth in disbursements, assets under management, and loan assets. This positive performance follows a strong Q2 FY26, with increased net profit and revenue.",https://economictimes.indiatimes.com/markets/stocks/rssfeeds/2146843.cms
HDFC Bank shares in focus on Q3 business update. Check details,https://economictimes.indiatimes.com/markets/stocks/news/hdfc-bank-shares-in-focus-on-q3-business-update-check-details/articleshow/126343378.cms,2026-01-05 08:27:42 IST,"HDFC Bank's Q3 FY26 business update revealed robust growth, with advances climbing nearly 10% year-on-year to Rs 29.46 lakh crore. Deposits also saw a healthy 11.5% increase, reaching Rs 28.60 lakh crore. This strong performance, particularly in term deposits, signals sustained lending momentum and deposit mobilization for India's largest private lender.",https://economictimes.indiatimes.com/markets/stocks/rssfeeds/2146843.cms
"Bosch, SJVN among 6 stocks showing bullish RSI upswing",https://economictimes.indiatimes.com/markets/stocks/news/bosch-sjvn-among-6-stocks-showing-bullish-rsi-upswing/slideshow/126343277.cms,2026-01-05 08:18:12 IST,"On January 2, six stocks from the Nifty500 universe showed improving momentum as their RSI levels crossed above 50. This shift reflects strengthening price action and rising bullish interest, offering traders early signals of potential upside as momentum builds across select stocks.",https://economictimes.indiatimes.com/markets/stocks/rssfeeds/2146843.cms
"Coal India among 6 stocks flash bullish signals, indicating possible uptrend",https://economictimes.indiatimes.com/markets/stocks/news/coal-india-among-6-stocks-flash-bullish-signals-indicating-possible-uptrend/slideshow/126343210.cms,2026-01-05 08:13:28 IST,"On January 2, six stocks from the Nifty 200 universe that rose over 5% appeared on the bullish White Marubozu scanner. The pattern indicates strong intraday buying interest, with prices moving from session lows to highs, signalling firm buyer control and raising the likelihood of continued upward momentum.",https://economictimes.indiatimes.com/markets/stocks/rssfeeds/2146843.cms
Positive Breakout: These 12 stocks cross above their 200 DMAs,https://economictimes.indiatimes.com/markets/stocks/news/positive-breakout-these-12-stocks-cross-above-their-200-dmas/slideshow/126342888.cms,2026-01-05 07:45:01 IST,"23 stocks from the Nifty 500 universe closed above their 200-day moving average (DMA). From this group, we have highlighted the top 12 stocks that gained over 2.5%, according to stockedge.com's technical scan data.",https://economictimes.indiatimes.com/markets/stocks/rssfeeds/2146843.cms
DMart shares in focus after company posts 13% revenue growth in Q3 update,https://economictimes.indiatimes.com/markets/stocks/news/dmart-shares-in-focus-after-company-posts-13-revenue-growth-in-q3-update/articleshow/126342831.cms,2026-01-05 07:43:08 IST,"Avenue Supermarts' shares are set for attention on Monday, January 5. The company reported a 13% year-on-year revenue jump for the quarter ending December 31, 2025. Revenue reached Rs 17,613 crore. This update follows previous positive performance. DMart's store count reached 442. The company's stock closed flat on Friday.",https://economictimes.indiatimes.com/markets/stocks/rssfeeds/2146843.cms
Gold rates jump 1.5% on MCX on increased geopolitical tensions after US captures Venezuelan President Nicolas Maduro,https://www.livemint.com/market/commodities/gold-price-today-rates-jump-on-increased-geopolitical-tensions-after-us-captures-venezuelan-president-nicolas-maduro-11767581852050.html,2026-01-05 09:05:53 IST,"Gold price today: MCX gold February futures were 1.5% up at  ₹1,37,750 per 10 grams around 9:05 am, while MCX silver March futures were 4.3% up at  ₹2,46,380 per kg at that time.",https://www.livemint.com/rss/markets
"Stocks to watch: ONGC, DMart, Bajaj Finance, Marico among 10 shares in focus today; full list inside",https://www.livemint.com/market/stock-market-news/stocks-to-watch-ongc-dmart-bajaj-finance-marico-among-10-shares-in-focus-today-full-list-inside-11767581638681.html,2026-01-05 09:00:51 IST,"The Sensex rose 573 points, or 0.67%, to settle at 85,762.01, while the Nifty 50 hit an all-time intraday high of 26,340 before easing slightly to close at a record 26,328.55, up 182 points or 0.70%.",https://www.livemint.com/rss/markets
Buy or sell: Vaishali Parekh recommends three intraday stocks to buy today — 5 January 2026,https://www.livemint.com/market/stock-market-news/buy-or-sell-vaishali-parekh-recommends-three-intraday-stocks-to-buy-today-5-january-2026-11767579774819.html,2026-01-05 08:44:19 IST,"Buy or sell: Vaishali Parekh recommends three intraday stocks to buy today — Roto Pumps, KPIT Technologies, and Ambuja Cements",https://www.livemint.com/rss/markets
"Nifty 50, Sensex today: What to expect from Indian stock market in trade on January 2 amid US-Venezuela conflict",https://www.livemint.com/market/stock-market-news/nifty-50-sensex-today-what-to-expect-from-indian-stock-market-in-trade-on-january-2-amid-us-venezuela-conflict-11767580121876.html,2026-01-05 08:25:13 IST,"The trends on Gift Nifty indicated a positive start for the Indian benchmark index. The Gift Nifty was trading at 26,542, up 76 points or 0.29% from the Nifty futures’ previous close.",https://www.livemint.com/rss/markets
Stocks to buy for short term: From IREDA to VBL— Jigar Patel of Anand Rathi suggests three technical picks,https://www.livemint.com/market/stock-market-news/stocks-to-buy-for-short-term-from-ireda-to-vbl-jigar-patel-of-anand-rathi-suggests-three-technical-picks-11767578529369.html,2026-01-05 07:57:09 IST,"Jigar Patel of Anand Rathi identifies three stocks, including VBL to IREDA, poised for short-term gains. Each stock shows strong technical signals, indicating potential upward movement. Discover the recommended buy zones and risk management strategies.",https://www.livemint.com/rss/markets
7 key things that changed for market overnight - US-Venezuela conflict to crude oil prices,https://www.livemint.com/market/stock-market-news/7-key-things-that-changed-for-market-overnight-us-venezuela-conflict-to-crude-oil-prices-11767577802367.html,2026-01-05 07:56:35 IST,"In the previous session, both market indices - Sensex and Nifty - closed in green, clocking healthy gains on Friday, January 2, supported by broad-based buying and rising optimism ahead of the Q3 earnings season.",https://www.livemint.com/rss/markets
South Korean shares hit record high on chip rally; China-related stocks fall,https://www.livemint.com/market/stock-market-news/south-korean-shares-hit-record-high-on-chip-rally-china-related-stocks-fall-11767579911692.html,2026-01-05 07:55:11 IST,SOUTHKOREA-MARKETS/MIDDAY:South Korean shares hit record high on chip rally; China-related stocks fall,https://www.livemint.com/rss/markets
"Chicago wheat rises as traders weigh Black Sea tensions, supply outlook",https://www.livemint.com/market/commodities/chicago-wheat-rises-as-traders-weigh-black-sea-tensions-supply-outlook-11767578387090.html,2026-01-05 07:29:46 IST,"GLOBAL-GRAINS/:GRAINS-Chicago wheat rises as traders weigh Black Sea tensions, supply outlook",https://www.livemint.com/rss/markets
"Global markets today: Asian markets rise despite US attacks on Venezuela; Nikkei 225, Kospi up 2%",https://www.livemint.com/market/stock-market-news/global-markets-today-asian-markets-rise-despite-us-attacks-on-venezuela-nikkei-225-kospi-up-2-11767575777943.html,2026-01-05 07:28:37 IST,"Japan’s benchmark Nikkei 225 surged 2.26% in its first session of the year, while the Topix rose 1.42% to a record high. South Korea’s Kospi advanced 2.19% to close at an all-time high of 4,420.92, while the small-cap Kosdaq edged up 0.2%",https://www.livemint.com/rss/markets
"Bitcoin crosses $93,000 levels, up 2.15% amid bullish ETF inflows, improved sentiment",https://www.livemint.com/market/cryptocurrency/bitcoin-price-today-nears-93000-up-1-80-pc-us-venezuela-as-bullish-etf-inflows-improved-sentiment-cryptocurrency-markets-11767576405577.html,2026-01-05 07:07:47 IST,"Bitcoin crosses $93,000 levels, up 2.15% amid bullish ETF inflows, improved sentiment. It has jumped $5,000 after the US began strikes on Venezuela on Friday.",https://www.livemint.com/rss/markets
Hindustan Copper shares gain 10% in three trading sessions. What should investors do in 2026?,https://economictimes.indiatimes.com/markets/stocks/news/hindustan-copper-shares-gain-10-in-three-trading-sessions-what-should-investors-do-in-2026/articleshow/126344504.cms,2026-01-05 10:03:33 IST,"Hindustan Copper shares jumped on January 5, tracking a nearly 3% rise in LME copper prices. The stock has gained 10% over three sessions. Experts say copper fundamentals remain strong, driven by AI, data centres and green energy demand, while supply risks from mine disruptions and labour unrest support prices.",https://economictimes.indiatimes.com/markets/stocks/rssfeeds/2146843.cms
Top Nifty50 stocks analysts suggest buying in this volatile week,https://economictimes.indiatimes.com/markets/stocks/news/top-nifty50-stocks-analysts-suggest-buying-in-this-volatile-week/articleshow/126344104.cms,2026-01-05 09:49:21 IST,"Stock Reports Plus, powered by Refinitiv, is a comprehensive research report that evaluates five key components of 4,000+ listed stocks – earnings, fundamentals, relative valuation, risk, and price momentum – to generate standardized scores. The simple average of the above-mentioned five component ratings is normally distributed to reach an average score.",https://economictimes.indiatimes.com/markets/stocks/rssfeeds/2146843.cms
"KNR Construction, other road &amp; highway stocks tumble up to 53% in 2025. Budget is both a hope and hurdle",https://economictimes.indiatimes.com/markets/stocks/news/knr-construction-other-road-highway-stocks-tumble-up-to-53-in-2025-budget-is-both-a-hope-and-hurdle/articleshow/126344265.cms,2026-01-05 09:46:32 IST,Indian road and highway stocks are experiencing significant declines. Investor appetite is low due to a flat Budget 2025 capex and reduced market share for listed developers. Experts are advising caution for investors. Companies are facing revenue contraction and volatile profitability. The outlook suggests continued stress in the road construction sector.,https://economictimes.indiatimes.com/markets/stocks/rssfeeds/2146843.cms
"Sensex falls over 200 pts, Nifty below 26,300 as Venezuela risk tempers earnings optimism",https://economictimes.indiatimes.com/markets/stocks/news/sensex-falls-over-200-pts-nifty-below-26300-as-venezuela-risk-tempers-earnings-optimism/articleshow/126344076.cms,2026-01-05 09:36:14 IST,"Indian equities experienced volatility on Monday, with the Sensex and Nifty fluctuating as investors balanced positive corporate earnings against escalating geopolitical risks. Early gains were tempered by concerns over U.S. military actions in Venezuela, leading to a market caught between domestic support and global uncertainty.",https://economictimes.indiatimes.com/markets/stocks/rssfeeds/2146843.cms
"Buy, Sell or Hold: Citi maintains a buy on Devyani International; remains cautious on Infosys, HCL Tech &amp; Mphasis",https://economictimes.indiatimes.com/markets/stocks/news/buy-sell-or-hold-citi-maintains-a-buy-on-devyani-international-remains-cautious-on-infosys-hcl-tech-mphasis/articleshow/126344074.cms,2026-01-05 09:26:25 IST,"Brokerage views on Indian equities remain mixed, with Citi maintaining a Buy on Devyani International amid merger-led synergies, Morgan Stanley flagging limited near-term upside for Coal India, and continued caution on major IT stocks due to sluggish growth and margin pressures.",https://economictimes.indiatimes.com/markets/stocks/rssfeeds/2146843.cms
Hindustan Copper vs Hindustan Zinc: Which stock should you add in 2026?,https://economictimes.indiatimes.com/markets/stocks/news/hindustan-copper-vs-hindustan-zinc-which-stock-should-you-add-in-2026/articleshow/126343965.cms,2026-01-05 09:13:26 IST,"Investors face a choice between Hindustan Copper and Hindustan Zinc for 2026. Copper's electrification demand supports Hindustan Copper, while silver's surge benefits Hindustan Zinc. Experts note strong rallies but caution about stretched valuations. Hindustan Copper offers operational clarity, but volatility is a concern. Hindustan Zinc is a strong silver play, though much upside may be priced in.",https://economictimes.indiatimes.com/markets/stocks/rssfeeds/2146843.cms
"Gold Rate Today: Check the live price of 22K, 24K and 18K gold prices on 5 January 2026",https://www.livemint.com/market/commodities/gold-rate-today-check-live-price-22k-24k-18k-gold-prices-5-january-2026-markets-delhi-mumbai-kolkata-chennai-bangalore-11767585715312.html,2026-01-05 10:24:13 IST,"Gold Rate Today: Here are the 5 January gold rates in key cities, like Ahmedabad, Bengaluru, Chennai, Delhi, Hyderabad, Kolkata, and Mumbai. Over the past 20 years, gold prices have increased by 1,500%.",https://www.livemint.com/rss/markets
"Silver rate today rises  ₹13,500 on MCX to  ₹2,49,900 amid US-Venezuela conflict. Is it the right time to invest?",https://www.livemint.com/market/commodities/silver-rate-today-rises-13-500-on-mcx-to-rs-2-49-900-amid-us-venezuela-conflict-is-it-the-right-time-to-invest-11767586175711.html,2026-01-05 10:24:13 IST,"On the international front, silver rates opened with an upside gap and climbed to an intraday peak of $75.968 per ounce, registering nearly a 6% gain from the previous close.",https://www.livemint.com/rss/markets
"Coal India subsidiary Bharat Coking Coal's IPO to open on Friday; price band fixed. Check GMP, other details",https://www.livemint.com/market/ipo/bharat-coking-coal-ipo-to-open-on-friday-price-band-fixed-check-ipo-details-about-this-coal-india-subsidiary-11767585182034.html,2026-01-05 10:24:13 IST,"Bharat Coking Coal IPO: Investors can apply for the BCCL IPO in lots of 600 shares and multiples thereof, requiring a minimum investment of  ₹13,800 at the upper end of the price band.",https://www.livemint.com/rss/markets
"Cupid shares fall another 20%; Tourism Finance recovers strongly, jumps 15%. Here's what happened",https://economictimes.indiatimes.com/markets/stocks/news/cupid-shares-fall-another-20-tourism-finance-recovers-strongly-jumps-15-heres-what-happened/articleshow/126344620.cms,2026-01-05 10:24:59 IST,"Cupid and TFCI saw divergent moves after both hit lower circuits on Friday. Cupid extended its slide despite management clarification, while TFCI rebounded on fresh buying, including Ekta Halwasiya’s block deal. Cupid highlighted record Q3FY26 performance and a strong order book, whereas TFCI announced plans to co-sponsor two AIFs.",https://economictimes.indiatimes.com/markets/stocks/rssfeeds/2146843.cms
"Stocks to buy for 2026: APL Apollo Tubes, Devyani International among 3 stocks that could give double digit return in 1 year",https://economictimes.indiatimes.com/markets/stocks/news/stocks-to-buy-for-2026-apl-apollo-tubes-devyani-international-among-3-stocks-that-could-give-double-digit-return-in-1-year/slideshow/126342926.cms,2026-01-05 07:50:49 IST,We have collated a list of recommendations from top brokerage firms from ETNow and other sources.,https://economictimes.indiatimes.com/markets/stocks/rssfeeds/2146843.cms
Cupid share price crashes 20% for 2nd day after being placed under ASM framework — Time to steer clear?,https://www.livemint.com/market/stock-market-news/cupid-share-price-crashes-20-for-2nd-day-after-being-placed-under-asm-framework-time-to-steer-clear-11767588740722.html,2026-01-05 10:31:13 IST,"Small-cap multibagger stock Cupid Limited crashed another 20% on Monday, January 5, extending its selling streak to the second day in a row.",https://www.livemint.com/rss/markets
Netflix Withdraws Chinese Drama in Vietnam Over Nine-Dash Line Map,https://www.livemint.com/companies/news/netflix-withdraws-chinese-drama-in-vietnam-over-nine-dash-line-map-11767590792678.html,2026-01-05 10:56:32 IST,Vietnam ordered Netflix to remove Chinese television series Shine on Me from its streaming platform in the country over images depicting a map that Beijing uses to stake contested territorial claims in the South China Sea.,https://www.livemint.com/rss/companies
TSMC Shares Jump Most Since April After Goldman Lifts Target 35%,https://www.livemint.com/companies/news/tsmc-shares-jump-most-since-april-after-goldman-lifts-target-35-11767589006454.html,2026-01-05 10:26:46 IST,"Taiwan Semiconductor Manufacturing Co. shares climbed by the most since April, as the world’s largest contract chipmaker rides a continued wave of optimism over artificial intelligence demand into the new year.",https://www.livemint.com/rss/companies
"BEL, HAL, other defence stocks jump up to 5% after US raids Venezuela",https://economictimes.indiatimes.com/markets/stocks/news/bel-hal-other-defence-stocks-jump-up-to-5-after-us-raids-venezuela/articleshow/126345886.cms,2026-01-05 11:37:11 IST,"Defence stocks witnessed a sharp uptick on Monday after the US launched a major military operation in Venezuela over the weekend, heightening geopolitical tensions. Investor interest rose across HAL, BEL, BDL, Solar Industries, and MTAR as markets priced in expectations of higher global defence spending.",https://economictimes.indiatimes.com/markets/stocks/rssfeeds/2146843.cms
"Tata Steel shares jump 10% in six days, just below 52-week high. What’s driving the rally?",https://economictimes.indiatimes.com/markets/stocks/news/tata-steel-shares-jump-10-in-six-days-just-below-52-week-high-whats-driving-the-rally/articleshow/126345847.cms,2026-01-05 11:34:24 IST,"Tata Steel shares have rallied over 10% in six sessions as management commentary on domestic expansion, capacity additions and policy support outweighed concerns around global pricing pressure and trade disruptions.",https://economictimes.indiatimes.com/markets/stocks/rssfeeds/2146843.cms
"NHPC shares rally 10% in 5 days ahead of Rs 2,000 crore fundraising plan",https://economictimes.indiatimes.com/markets/stocks/news/nhpc-shares-rally-10-in-5-days-ahead-of-rs-2000-crore-fundraising-plan/articleshow/126345324.cms,2026-01-05 11:02:24 IST,"NHPC shares extended gains for a fifth straight session, rising over 10% in five days, supported by plans to raise Rs 2,000 crore through bond issuance and strong technical indicators.",https://economictimes.indiatimes.com/markets/stocks/rssfeeds/2146843.cms
IDBI Bank shares slip 4% despite 12% YoY rise in total business in Q3 FY26,https://economictimes.indiatimes.com/markets/stocks/news/idbi-bank-shares-slip-4-despite-12-yoy-rise-in-total-business-in-q3-fy26/articleshow/126345251.cms,2026-01-05 10:57:44 IST,"IDBI Bank shares slipped despite a strong December-quarter update. The bank reported a 12% year-on-year rise in total business to Rs 5.46 lakh crore, supported by healthy growth in deposits and credit.",https://economictimes.indiatimes.com/markets/stocks/rssfeeds/2146843.cms
Bandhan Bank shares rise nearly 4% after December-quarter loans grow 10%,https://economictimes.indiatimes.com/markets/stocks/news/bandhan-bank-shares-rise-nearly-4-after-december-quarter-loans-grow-10/articleshow/126345194.cms,2026-01-05 10:55:17 IST,"Bandhan Bank's shares surged following a positive business update, with loans and advances growing 10% year-on-year to Rs 1.45 lakh crore. While total deposits saw an 11.1% increase, a slight quarter-on-quarter dip and a declining CASA ratio were noted. Improved asset quality, with collection efficiency at 98.1%, provided investor comfort.",https://economictimes.indiatimes.com/markets/stocks/rssfeeds/2146843.cms
"Maruti Suzuki, M&amp;M, Eicher Motors drive Nifty Auto to fresh record high; index jumps 5.8% in five days",https://www.livemint.com/market/stock-market-news/maruti-suzuki-m-m-eicher-motors-drive-nifty-auto-to-fresh-record-high-index-jumps-5-8-in-five-days-11767591765374.html,2026-01-05 12:00:35 IST,"Eicher Motors jumped 2% to  ₹7,477 apiece, while Maruti Suzuki, UNO Minda, TVS Motor Company, Hero MotoCorp, and Bajaj Auto were all trading with gains of over 1%. Tracking gains in major auto stocks, the Nifty Auto index hit a fresh record high of 29,179.&amp;nbsp;",https://www.livemint.com/rss/markets
HDFC Bank share price falls over 1.5% despite a strong Q3 business update. Do you own?,https://www.livemint.com/market/stock-market-news/hdfc-bank-share-price-falls-over-1-5-despite-a-strong-q3-business-update-do-you-own-11767590678181.html,2026-01-05 11:52:31 IST,HDFC Bank share price has remained under pressure in the near term. The stock has declined1.53% in a month and 0.58% in six months.,https://www.livemint.com/rss/markets
US-Venezuela conflict: Chevron to ExxonMobil — these 5 American oil stocks to benefit,https://www.livemint.com/market/stock-market-news/usvenezuela-conflict-chevron-to-exxonmobil-these-5-american-oil-stocks-to-benefit-11767590603097.html,2026-01-05 11:12:58 IST,"US-Venezuela conflict: ConocoPhillips, Halliburton, and Schlumberger are other three US oil companies that may benefitm after the US attacks on Venezuela",https://www.livemint.com/rss/markets
"Sensex, Nifty 50 trade rangebound: Why is the Indian stock market defying the Venezuela crisis?",https://www.livemint.com/market/stock-market-news/sensex-nifty-50-trade-rangebound-why-is-the-indian-stock-market-defying-the-venezuela-crisis-11767587974442.html,2026-01-05 11:00:39 IST,"The Sensex touched an intraday high and low of 85,883.50 and 85,516.75, respectively. The Nifty touched its record high of 26,373.20 and an intraday low of 26,263.60 during the session on Monday.",https://www.livemint.com/rss/markets
"Air India CEO Campbell Wilson on the way out, say reports; airline looking for replacement after term end in 2027",https://www.livemint.com/companies/people/air-india-ceo-campbell-wilson-on-the-way-out-say-reports-airline-look-replacement-term-ends-2027-ai-express-aloke-singh-11767587993526.html,2026-01-05 11:07:11 IST,"Tata-owned Air India and Air India Express looking to replace CEOs Campbell Wilson and Aloke Singh after term next year, say reports. Here's all we know…",https://www.livemint.com/rss/companies
Holding Coal India shares? Check record date to apply for Bharat Coking Coal IPO via shareholder quota,https://economictimes.indiatimes.com/markets/stocks/news/holding-coal-india-shares-check-record-date-to-apply-for-bharat-coking-coal-ipo-via-shareholder-quota/articleshow/126346777.cms,2026-01-05 12:21:24 IST,"Coal India shareholders must be on the company’s register as of January 1 to apply under the shareholder quota for the Bharat Coking Coal IPO, which opens on January 9 and is entirely an offer for sale.",https://economictimes.indiatimes.com/markets/stocks/rssfeeds/2146843.cms
US attacks Venezuela: 10 listed Indian companies that could see an impact,https://economictimes.indiatimes.com/markets/stocks/news/us-attacks-venezuela-10-listed-indian-companies-that-could-see-an-impact/articleshow/126346464.cms,2026-01-05 12:06:58 IST,"US military action in Venezuela impacts Indian companies with energy, engineering, and pharmaceutical ties. ONGC and Reliance Industries face potential shifts in oil supplies and valuations. Engineers India has an on-ground presence. Pharmaceutical firms like Sun Pharma and Glenmark Pharma operate through subsidiaries. Jindal Steel manages an iron ore complex. These developments highlight geopolitical risks for cross-border operations.",https://economictimes.indiatimes.com/markets/stocks/rssfeeds/2146843.cms
DMart share price drops over 2% to 10-month low as Q3 revenue growth misses estimates,https://www.livemint.com/market/stock-market-news/dmart-share-price-drops-over-2-to-10-month-low-as-q3-revenue-growth-misses-estimates-11767595294649.html,2026-01-05 12:40:34 IST,"Avenue Supermarts shares fell 2.25% to  ₹3,635, a 10-month low, after a Q3 revenue of  ₹17,612.62 crore, up 13.15% but lower than expectations. Store additions were also lower than forecasted.&amp;nbsp;",https://www.livemint.com/rss/markets
"Silver rate today in India: Check live price of 10 gm, 100 gm, 1 kg silver in Delhi, Mumbai, Kolkata, more — 5 January",https://www.livemint.com/market/commodities/mcx-silver-rate-today-in-india-check-live-price-of-10-gm-100-gm-1-kg-silver-in-delhi-mumbai-kolkata-more-5-january-11767592001742.html,2026-01-05 12:34:27 IST,"Silver rate today: In the physical retail market, the silver price today in Delhi for 10 gm coins is  ₹2,425. Silver rate today in Delhi for 100 gm coin is  ₹24,253, and silver rate today in Delhi for 1 kg bar is  ₹2,42,530, according to data from bullions.co.in.",https://www.livemint.com/rss/markets
"India-US trade deal stalemate, FII selling among key risk factors Indian stock market needs to navigate in 2026",https://www.livemint.com/market/stock-market-news/indiaus-trade-deal-stalemate-fii-selling-among-key-risk-factors-indian-stock-market-needs-to-navigate-in-2026-11767595458503.html,2026-01-05 12:18:12 IST,"Since the valuations of India continue to be slightly above long-term trends, India’s underperformance could persist in the short term with muted FIIs inflows as external issues persist as a point of ponder for the domestic market.",https://www.livemint.com/rss/markets
Japan's Nikkei ends at over 2-month high as markets shrug off Venezuela tension,https://economictimes.indiatimes.com/markets/stocks/news/japans-nikkei-ends-at-over-2-month-high-as-markets-shrug-off-venezuela-tension/articleshow/126347753.cms,2026-01-05 13:14:54 IST,"Japan's Nikkei closed ‍at a more than two-month ​high on the first trading day of 2026, led ⁠by chip-related stocks, as investors brushed off the potential impact of U.S. military action in Venezuela.",https://economictimes.indiatimes.com/markets/stocks/rssfeeds/2146843.cms
Stock picks of the week: 5 stocks with consistent score improvement and upside potential of up to 34%,https://economictimes.indiatimes.com/markets/stocks/news/stock-picks-of-the-week-5-stocks-with-consistent-score-improvement-and-upside-potential-of-up-to-34/articleshow/126347601.cms,2026-01-05 13:11:03 IST,"Our base case assumption is that the recent reforms – both GST and banking – have reinforced the case for being bullish on India at a macro level. Yet, when valuations are high (as they currently are), the probability of volatility hitting the street is always high. So, be ready for volatility, while being bullish. Our selected stocks for today depict a strong upward trajectory in their overall average score which is based on five key pillars: Earnings, fundamentals, relative valuation, risk, and price momentum. This implies that there has been a significant improvement in their market outlook in the given time frame.",https://economictimes.indiatimes.com/markets/stocks/rssfeeds/2146843.cms
"Australian shares end flat as miners counter energy, consumer losses",https://economictimes.indiatimes.com/markets/stocks/news/australian-shares-end-flat-as-miners-counter-energy-consumer-losses/articleshow/126347052.cms,2026-01-05 12:36:51 IST,"Australian shares ended Monday flat. Iron ore miners saw gains, while consumer discretionary and energy stocks declined. Trading volumes were notably low. Asian markets, however, experienced a significant surge, reaching record highs driven by artificial intelligence optimism. Australian equities did not mirror this trend. Miners climbed, while energy stocks reversed earlier gains. Interest rate-sensitive sectors faced pressure.",https://economictimes.indiatimes.com/markets/stocks/rssfeeds/2146843.cms
Waaree Energies shares fall 5% amid heavy trade volumes,https://economictimes.indiatimes.com/markets/stocks/news/waaree-energies-shares-fall-5-amid-heavy-trade-volumes/articleshow/126347015.cms,2026-01-05 12:34:03 IST,"Waaree Energies shares dropped amid heavy selling, with volumes sharply above the recent average. The decline comes days after the stock’s inclusion in the NSE’s F&amp;O segment from the January series, which appears to have triggered increased trading activity and volatility.",https://economictimes.indiatimes.com/markets/stocks/rssfeeds/2146843.cms
"Hindustan Copper share price jumps over 5% to 16-year high on metal rally, up 150% since September lows",https://www.livemint.com/market/stock-market-news/hindustan-copper-share-price-jumps-over-5-to-16-year-high-on-metal-rally-up-150-since-september-lows-11767598844326.html,2026-01-05 13:52:16 IST,"Hindustan Copper share price rises over 5% to  ₹570, the highest since February 2010, fueled by soaring global copper prices and supply worries. The stock has surged 151% since September, reflecting positive investor sentiment and strategic growth plans.",https://www.livemint.com/rss/markets
PC Jeweller share price skyrockets over 6% after Q3FY26 business update,https://www.livemint.com/market/stock-market-news/pc-jeweller-share-price-skyrockets-over-6-after-q3fy26-business-update-11767594842168.html,2026-01-05 13:17:07 IST,"PC Jeweller posted around 37% year-on-year growth in standalone revenue, driven by strong consumer demand amid the ongoing festive and wedding season.",https://www.livemint.com/rss/markets
"IRFC, Rail Vikas Nigam to IRCTC: Which railway stocks to buy ahead of Union Budget 2026?",https://www.livemint.com/market/stock-market-news/irfc-rail-vikas-nigam-to-irctc-which-railway-stocks-to-buy-ahead-of-union-budget-2026-11767598784407.html,2026-01-05 13:14:19 IST,"Over the past few years, railways have transitioned from being just a means of public utility to a key pillar of India’s capital expenditure cycle, with sustained policy support, improved project execution, and better financial discipline.",https://www.livemint.com/rss/markets
"Farhan Akhtar's Excel Entertainment strikes historic deal with Universal Music Group, market value crosses  ₹2400 crore",https://www.livemint.com/companies/news/farhan-akhtars-excel-entertainment-strikes-historic-deal-with-universal-music-group-market-value-crosses-2400-crore-11767598554371.html,2026-01-05 13:26:30 IST,"Under the deal, Excel Entertainment's value will cross  ₹2,400 crore and will accelerate the Farhan Akhtar-owned banner, while also strengthening Universal Music India’s domestic operation in a high- growth and strategically important market.",https://www.livemint.com/rss/companies
"Olympic gold medalist and javelin star Neeraj Chopra launches own athlete management firm, Vel Sports — All we know",https://www.livemint.com/companies/people/olympic-gold-medalist-javelin-star-india-neeraj-chopra-launch-athlete-management-firm-vel-sports-all-we-know-jsw-sports-11767592934293.html,2026-01-05 13:12:48 IST,India's Olympic gold medalist and javelin superstar Neeraj Chopra launches own athlete management firm named Vel Sports. Parts ways with JSW Sports to begin “new chapter”.,https://www.livemint.com/rss/companies
"Supreme Court strikes down customs duty on SEZ power, Adani Power wins relief",https://www.livemint.com/companies/news/supreme-court-strikes-down-customs-duty-on-sez-power-adani-power-wins-relief-11767596458580.html,2026-01-05 13:04:18 IST,"Overturning a Gujarat High Court ruling, the apex court said electricity supplied from a special economic zone to the domestic market cannot attract customs duty, ordering refunds and ending a 15-year tax dispute.",https://www.livemint.com/rss/companies
"ITC Culinaire offers free night stays, buffet meals, dining &amp; spa discounts: Should you take it?",https://www.livemint.com/money/personal-finance/itc-culinaire-offers-free-night-stays-buffet-meals-dining-spa-discounts-should-you-take-it-11767600631997.html,2026-01-05 13:57:15 IST,"The ITC Culinaire is an annual subscription plan available in 3 variants. It offers benefits like discounts on dining, spa (during stays), and laundry (during stays), various vouchers, and milestone spend benefits.&amp;nbsp;",https://www.livemint.com/rss/money
How AI is reshaping tax scrutiny—and why humans still matter,https://www.livemint.com/money/personal-finance/ai-reshaping-tax-scrutiny-why-humans-still-matter-generative-ai-automating-compliance-11767590871172.html,2026-01-05 13:38:29 IST,"Tax authorities are increasingly using generative AI to analyse filings, flag anomalies and automate compliance—but courts warn that human judgment remains indispensable.",https://www.livemint.com/rss/money
"In yet another case of digital arrest, 81-year-old man loses  ₹7.12 crore. Follow these useful tips to stay alert",https://www.livemint.com/money/personal-finance/in-yet-another-case-of-digital-arrest-81-year-old-man-loses-rs-7-12-crore-follow-these-useful-tips-to-stay-alert-11767596370881.html,2026-01-05 13:34:43 IST,A number of senior citizens fell prey to this growing phenomenon of digital arrest in the past. &amp;nbsp;In this some fraudster makes a video call to the victim and arrest them digitally at their home and then urge them to transfer money to a given bank account,https://www.livemint.com/rss/money
How AI is reshaping fraud—and the new scams you must prepare for,https://www.livemint.com/money/new-ai-driven-scams-fake-subscription-renewals-upi-transfers-financial-fraud-11767590456596.html,2026-01-05 13:22:11 IST,"Small but steady losses are quietly eroding Indian families’ monthly budgets, as AI makes fraud more personal, convincing, and harder to detect.",https://www.livemint.com/rss/money
IndusInd Bank among Axis Direct’s three weekly technical bets. Check list,https://economictimes.indiatimes.com/markets/stocks/news/indusind-bank-among-axis-directs-three-weekly-technical-bets-check-list/slideshow/126349470.cms,2026-01-05 14:40:51 IST,"​Axis Direct remains positive on Indian equities and has identified IndusInd Bank, DOMS Industries and Tata Power as its top weekly technical bets based on strong chart patterns and improving momentum indicators.​",https://economictimes.indiatimes.com/markets/stocks/rssfeeds/2146843.cms
"Tata Motors CV shares may rally 16%, says InCred; 4 reasons behind the ‘Add’ call",https://economictimes.indiatimes.com/markets/stocks/news/tata-motors-cv-shares-may-rally-16-says-incred-4-reasons-behind-the-add-call/articleshow/126349223.cms,2026-01-05 14:38:10 IST,"InCred Equities has initiated coverage on Tata Motors’ commercial vehicle (CV) business with an Add rating and a price target of Rs 513, citing up to 16% upside. The brokerage highlights a turning CV cycle, strong brand recall, sustained profitability, and robust volume growth as key drivers. Tata Motors’ CV volumes are expected to grow faster than the industry through FY28.",https://economictimes.indiatimes.com/markets/stocks/rssfeeds/2146843.cms
Ola Electric shares jump 16% in 2026 so far as turnaround signals stoke optimism,https://economictimes.indiatimes.com/markets/stocks/news/ola-electric-shares-jump-16-in-2026-so-far-as-turnaround-signals-stoke-optimism/articleshow/126348754.cms,2026-01-05 14:06:06 IST,"Ola Electric shares have surged 16% in early 2026 as investors respond to signs of a business turnaround. Improved service execution under its Hyperservice programme, rising demand, and market share gains have boosted sentiment. New product traction and early profitability signals in the auto segment are also strengthening confidence in the company’s reset.",https://economictimes.indiatimes.com/markets/stocks/rssfeeds/2146843.cms
Gandhar Oil Refinery shares zoom 17% on strong volumes amid US-Venezuela tensions,https://economictimes.indiatimes.com/markets/stocks/news/gandhar-oil-refinery-shares-zoom-17-on-strong-volumes-amid-us-venezuela-tensions/articleshow/126348526.cms,2026-01-05 13:56:15 IST,"Gandhar Oil Refinery shares surged on heavy volumes, amid heightened investor interest possibly linked to US–Venezuela geopolitical tensions. Trading activity spiked sharply, with over 21 lakh shares exchanged versus a two-week average of 20,000, reflecting strong momentum in the stock.",https://economictimes.indiatimes.com/markets/stocks/rssfeeds/2146843.cms
"FIIs, Retail raise stakes in Q2; 11 stocks rally up to 75% in 3 months",https://economictimes.indiatimes.com/markets/stocks/news/fiis-retail-raise-stakes-in-q2-11-stocks-rally-up-to-75-in-3-months/slideshow/126348416.cms,2026-01-05 13:28:19 IST,A study of BSE-listed companies shows 11 stocks that rallied up to 75% in three months as both FIIs and retail investors raised their stakes in Q2.,https://economictimes.indiatimes.com/markets/stocks/rssfeeds/2146843.cms
DU Digital case sparks fears over SME market manipulation and retail investor safety,https://www.livemint.com/market/du-digital-global-stock-manipulation-sme-market-investor-protection-11767595590247.html,2026-01-05 14:44:16 IST,"The DU Digital stock manipulation case is the latest reminder of the structural vulnerabilities in the SME segment, which was designed as a lighter-touch platform to help smaller companies access capital, but has become a hotbed of speculative trading",https://www.livemint.com/rss/markets
Small-cap stock under  ₹50 Dhanlaxmi Bank jumps 5% after Q3FY26 business update,https://www.livemint.com/market/stock-market-news/smallcap-stock-under-50-dhanlaxmi-bank-jumps-5-after-q3fy26-business-update-11767599324563.html,2026-01-05 14:23:44 IST,"In its third-quarter business update, the Kerala-based lender reported a 20.76% year-on-year rise in total business to  ₹31,933 crore as of December 31, 2025.",https://www.livemint.com/rss/markets
Reliance shares drop 1% from record high; ONGC down 2%— How to trade these oil companies amid US-Venezuela conflict?,https://www.livemint.com/market/stock-market-news/reliance-shares-drop-1-from-record-high-ongc-down-2-how-to-trade-these-oil-companies-amid-us-venezuela-conflict-11767599058247.html,2026-01-05 14:13:06 IST,"As geopolitical tensions rise following a US military strike on Venezuela, Reliance and ONGC stocks face volatility. Experts suggest monitoring key support levels and accumulation zones, while highlighting differing impacts on these oil giants.&amp;nbsp;",https://www.livemint.com/rss/markets
"Warren Buffett shared his morning breakfast routine, and it is not the typical CEO 5 am, health-conscious grind",https://www.livemint.com/companies/people/warren-buffett-shares-morning-routine-breakfast-mcdonalds-not-typical-ceo-5-am-health-conscious-grind-watch-viral-video-11767601836467.html,2026-01-05 14:28:16 IST,A clip from the 2017 HBO documentary ‘Becoming Warren Buffett’ has gone viral on social media for the Oracle of Omaha's relaxed breakfast habits which starkly contrast with what is seen as the typical “successful CEO's routines”.,https://www.livemint.com/rss/companies
Planning to sell your house? Know the taxes and how to save on them,https://www.livemint.com/money/personal-finance/planning-to-sell-your-house-know-the-taxes-and-how-to-save-on-them-bonds-11767602229132.html,2026-01-05 14:14:15 IST,"Many individuals may not realise they owe tax on profits from selling residential properties. Capital gains tax rates vary based on holding periods, with exemptions available for reinvestment in new properties or specified bonds, provided certain conditions are met.",https://www.livemint.com/rss/money
"Adani Power shares may see another 23% growth, says JM Financial while initiating coverage",https://economictimes.indiatimes.com/markets/stocks/news/adani-power-shares-may-see-another-23-growth-says-jm-financial-while-initiating-coverage/articleshow/126350139.cms,2026-01-05 15:38:11 IST,"JM Financial initiates coverage on Adani Power with a Buy rating and a target of Rs 178, citing robust capacity expansion, strong execution and India’s growing thermal power demand as key growth drivers.",https://economictimes.indiatimes.com/markets/stocks/rssfeeds/2146843.cms
From RIL to TCS: Stocks that added and wiped out market value for India's top 10 conglomerates in 2025,https://economictimes.indiatimes.com/markets/stocks/news/from-ril-to-tcs-stocks-that-added-and-wiped-out-market-value-for-indias-top-10-conglomerates-in-2025/articleshow/126350192.cms,2026-01-05 15:34:15 IST,"India’s top 10 conglomerates saw a mixed 2025, with Reliance, HDFC, Adani, Bajaj, and Aditya Birla posting strong gains, while Tata and Godrej lost market value. Key drivers included telecom, metals, financial services, and autos, whereas IT and energy segments weighed on performance, highlighting divergent fortunes among India’s business giants.",https://economictimes.indiatimes.com/markets/stocks/rssfeeds/2146843.cms
European stocks rise as defence shares lead after Venezuela shock,https://economictimes.indiatimes.com/markets/stocks/news/european-stocks-rise-as-defence-shares-lead-after-venezuela-shock/articleshow/126349858.cms,2026-01-05 15:14:13 IST,"European stocks traded firmer on Monday, ‍extending their early-year ​gains as investors bought defense stocks ⁠after U.S. military strikes on Venezuela stirred fresh geopolitical concerns.",https://economictimes.indiatimes.com/markets/stocks/rssfeeds/2146843.cms
"Defence biggest theme of decade and not oil, natural resources or forex. Gurmeet Chadha explains why",https://economictimes.indiatimes.com/markets/stocks/news/defence-biggest-theme-of-decade-and-not-oil-natural-resources-or-forex-gurmeet-chadha-explains-why/articleshow/126349603.cms,2026-01-05 14:59:59 IST,"Defence has emerged as the defining investment theme of the decade, says Gurmeet Chadha, emphasising that military strength now outweighs oil, natural resources or forex reserves in shaping national power. His remarks come amid geopolitical tensions between the US and Venezuela and a sharp rally in Indian defence stocks, underscoring strong structural momentum in the sector.",https://economictimes.indiatimes.com/markets/stocks/rssfeeds/2146843.cms
"China stocks rally as Shanghai benchmark tops 4,000 in first New Year trade",https://economictimes.indiatimes.com/markets/stocks/news/china-stocks-rally-as-shanghai-benchmark-tops-4000-in-first-new-year-trade/articleshow/126349514.cms,2026-01-05 14:53:47 IST,"Chinese stocks kicked off 2026 with a strong rally, led by tech sectors, pushing the Shanghai Composite above 4,000 for the first time in nearly three months. Investors focused on innovation-led growth, particularly in AI and advanced manufacturing, despite ongoing structural challenges.",https://economictimes.indiatimes.com/markets/stocks/rssfeeds/2146843.cms
"Realty pre-sales mixed in Q3, launch spillovers to set stage in Q4",https://www.livemint.com/market/mark-to-market/india-real-estate-developers-q3-earnings-performance-q4-launches-demand-outlook-11767601953103.html,2026-01-05 15:38:55 IST,"Early Q3 pre-sales updates show strong bookings for Sobha, while Godrej and Lodha’s estimated numbers indicate robust demand. However, delayed launches and cooling Mumbai market affordability warrant monitoring.",https://www.livemint.com/rss/markets
"Sensex falls 300 points, Nifty 50 ends at 26,250 after US strikes Venezuela— 10 key highlights from Indian stock market",https://www.livemint.com/market/stock-market-news/sensex-falls-300-points-nifty-50-ends-at-26-250-after-us-strikes-venezuela-10-key-highlights-from-indian-stock-market-11767607092002.html,2026-01-05 15:33:53 IST,"The Sensex fell 322 points, or 0.38%, to end at 85,439.62, while the Nifty 50 ended at 26,250.30, down 78 points, or 0.30%. The mid and small-cap indices outperformed; the BSE Midcap index inched up by 0.05% and the Smallcap index rose by 0.07%.",https://www.livemint.com/rss/markets
Crude oil prices slip amid US-Venezuela conflict: What's the outlook for 'black gold' and reasons behind fall? Explained,https://www.livemint.com/market/commodities/crude-oil-prices-slip-amid-us-venezuela-conflict-whats-the-outlook-for-black-gold-and-reasons-behind-fall-explained-11767606620887.html,2026-01-05 15:31:28 IST,"While the immediate effect on oil market is seen as limited, the change in control over Venezuela's vast oil reserves poses critical implications for heavy crude pricing and long-term supply forecasts.",https://www.livemint.com/rss/markets
Upcoming IPO: Hindustan Laboratories files DRHP with SEBI for an IPO; details here,https://www.livemint.com/market/ipo/upcoming-ipo-hindustan-laboratories-files-drhp-with-sebi-for-an-ipo-details-here-11767605175750.html,2026-01-05 15:14:50 IST,"Hindustan Laboratories has filed its Draft Red Herring Prospectus (DRHP) with SEBI for an IPO, offering 1.41 million shares. The company aims to leverage fresh capital for working capital needs while providing generic medicines to government institutions.&amp;nbsp;",https://www.livemint.com/rss/markets
"Ola Electric share price extends rally to third session, surges over 8%. Is  ₹50 the next stop?",https://www.livemint.com/market/stock-market-news/ola-electric-share-price-extends-rally-to-third-session-surges-over-8-is-rs-50-the-next-stop-11767601174342.html,2026-01-05 15:09:09 IST,"Ola Electric's share price surged 8.3% to  ₹44.3, its highest level in eight weeks, driven by improved market share in December. The EV maker's market share rose to 9.3%, with significant gains in key states, signalling increased demand and recovery efforts.",https://www.livemint.com/rss/markets
"Big IPOs could be coming in 2026. SpaceX, Anthropic, and OpenAI are on the list.",https://www.livemint.com/market/ipo/big-ipos-could-be-coming-in-2026-spacex-anthropic-and-openai-are-on-the-list-11767605554891.html,2026-01-05 15:05:39 IST,"The IPO market rebounded in 2025, and more big unicorns look set to debut on Wall Street this year.",https://www.livemint.com/rss/markets
"BCCL IPO GMP jumps after announcement of price band, issue opening date",https://www.livemint.com/market/ipo/bccl-ipo-gmp-jumps-after-announcement-of-price-band-issue-opening-date-11767602572514.html,2026-01-05 15:03:50 IST,"BCCL IPO, a subsidiary of Maharatna PSU Coal India, has set a price band of  ₹21–23 per share for its upcoming issue.",https://www.livemint.com/rss/markets
Marico Q3 performance shows margin stability amid falling copra prices,https://www.livemint.com/market/mark-to-market/marico-q3-update-shows-margin-comfort-copra-price-drop-11767598673710.html,2026-01-05 14:57:50 IST,"Margins are set to recover sequentially as falling copra prices ease cost pressures, but year-on-year pressure and volatile copra prices could cap gains.",https://www.livemint.com/rss/markets
"Inox Clean Energy acquires 300 MWp of operational solar projects from SunSource Energy for  ₹1,000 crore",https://www.livemint.com/companies/news/inox-clean-energy-acquires-300-mwp-operational-solar-projects-sunsource-energy-power-market-11767594823453.html,2026-01-05 15:33:44 IST,"The acquisition is a strategic move in India’s rapidly expanding commercial &amp;amp; industrial power market, which appears poised for massive growth as more businesses shift to private clean-energy suppliers.",https://www.livemint.com/rss/companies
"Charlie Munger's golden words that Warren Buffett believes in: ‘Write your obituary, live accordingly’",https://www.livemint.com/companies/people/charlie-mungers-golden-words-that-warren-buffett-believes-in-write-your-obituary-live-accordingly-11767605307532.html,2026-01-05 15:31:10 IST,"A look at the advice from Charlie Munger on living well, that his friend and business partner Warren Buffett backs — “Write your obituary the way you want it written and then live your life accordingly.”",https://www.livemint.com/rss/companies
Will foreign consulting income be taxed in India if not remitted?,https://www.livemint.com/money/personal-finance/foreign-consulting-income-taxed-india-remitted-fema-laws-11767598638511.html,2026-01-05 15:44:47 IST,Income from services performed in India is taxable regardless of where it is paid or received. Residential status under tax and FEMA laws determines reporting and repatriation obligations.,https://www.livemint.com/rss/money
"What are focused funds, and why should you add them to your portfolio? Top-performing schemes explained",https://www.livemint.com/money/personal-finance/what-are-focused-mutual-funds-and-why-should-you-add-them-to-your-portfolio-top-performing-schemes-explained-11767601213035.html,2026-01-05 15:43:52 IST,Focused funds are those mutual funds which invest in a limited number of stocks (maximum being 30) and at least 65% in equity and equity related instruments.,https://www.livemint.com/rss/money
Why recent returns could be a risky guide to mutual fund investing,https://www.livemint.com/money/personal-finance/recent-returns-risky-guide-mutual-fund-investing-fund-selection-diversification-11767592513417.html,2026-01-05 15:18:16 IST,"Investors should dig deeper into historical returns, not just stop at funds’ recent performance. They must even go beyond returns for their fund selection. Here's why",https://www.livemint.com/rss/money
"Job loss, EMIs still due? A smart repayment plan for personal loan borrowers",https://www.livemint.com/money/personal-finance/job-loss-emis-still-due-a-smart-repayment-plan-for-personal-loan-borrowers-11767603934994.html,2026-01-05 15:14:14 IST,"Job loss can disrupt finances but a clear plan helps manage personal loan EMIs through budgeting, early lender communication, repayment restructuring, income rebuilding and credit protection during employment transitions.",https://www.livemint.com/rss/money
China decries U.S. action in Venezuela — even as it guards billions at stake,https://www.cnbc.com/2026/01/05/china-response-us-venezuela-strike-economic-interests.html,2026-01-05 15:22:22 IST,"China's immediate priority in the wake of the U.S. attack on Venezuela is to protect economic interests, analysts said.",https://www.cnbc.com/id/10000664/device/rss/rss.html
Long-term investors &amp; investing: Different yet the same: 6 stocks from different sectors with an upside potential of up to 45%,https://economictimes.indiatimes.com/markets/stocks/news/long-term-investors-investing-different-yet-the-same-6-stocks-from-different-sectors-with-an-upside-potential-of-up-to-45/articleshow/126351441.cms,2026-01-05 16:30:56 IST,"While the market was open for trading on January 1, today is the day most market participants are back at their desks. So, what happens from today onward matters more than anything else. Now, there has been an ongoing debate on the street about valuations, and it could be settled one way or the other in 2026. Just remember: Valuation is a very subjective thing. Should it be defined by a single number? Or by a number justified by the narrative of the time?",https://economictimes.indiatimes.com/markets/stocks/rssfeeds/2146843.cms
"AI-driven inflation is 2026's most overlooked risk, say investors",https://economictimes.indiatimes.com/markets/stocks/news/ai-driven-inflation-is-2026s-most-overlooked-risk-say-investors/articleshow/126350984.cms,2026-01-05 16:05:48 IST,"Global stock ​markets, riding high on AI euphoria at the start of 2026 may be disregarding one of the biggest threats that could spoil ⁠the party: a surge in inflation driven partly by the tech investment boom.",https://economictimes.indiatimes.com/markets/stocks/rssfeeds/2146843.cms
"HCL, Infosys fall 4%, as IT stocks drag Nifty in red. Here’s what spooked investors",https://economictimes.indiatimes.com/markets/stocks/news/hcl-infosys-fall-4-as-it-stocks-drag-nifty-in-red-heres-what-spooked-investors/articleshow/126350719.cms,2026-01-05 15:52:09 IST,"IT stocks fell up to 3.7% on Monday ahead of the earnings season, which begins next week with the announcement of Q3 results by IT bellwether Tata Consultancy Services (TCS) and HCL Technologies.",https://economictimes.indiatimes.com/markets/stocks/rssfeeds/2146843.cms
"Market Wrap: Sensex down 322 points, Nifty below 26,300 as IT fall offsets earnings optimism",https://economictimes.indiatimes.com/markets/stocks/news/market-wrap-sensex-down-322-points-nifty-below-26300-as-it-fall-offsets-earnings-optimism/articleshow/126350480.cms,2026-01-05 15:47:15 IST,"Indian equities ended lower on Monday, with Nifty down 78 points and Sensex slipping 322 points. IT stocks and HDFC Bank led declines amid concerns over U.S. tariffs and rising funding costs. Small-caps outperformed, while experts note December GST rebound and early Q3 trends support cautious optimism ahead of earnings season.",https://economictimes.indiatimes.com/markets/stocks/rssfeeds/2146843.cms
"US-Venezuela conflict: Chevron, Exxon Mobil and other US oil company stocks surge up to 10% in pre-market trade",https://www.livemint.com/market/stock-market-news/usvenezuela-conflict-chevron-exxon-mobil-and-other-us-oil-company-stocks-surge-up-to-10-in-pre-market-trade-11767609554957.html,2026-01-05 16:11:35 IST,"US President Donald Trump also announced that the US plans to “run” Venezuela, and that the US oil companies will invest an unspecified amount to revive the oil infrastructure in the South American nation and increase its oil output, enabling higher crude flows to the US and other markets.",https://www.livemint.com/rss/markets
"Top Gainers &amp; Losers on Jan 05: Ather Energy, IDBI Bank, Vodafone Idea, IRFC, HDFC Bank, Wipro among top losers",https://www.livemint.com/market/stock-market-news/top-gainers-losers-on-jan-05-ather-energy-idbi-bank-vodafone-idea-irfc-hdfc-bank-wipro-among-top-losers-11767607035631.html,2026-01-05 15:51:43 IST,"The Nifty 50 closed the day down 0.32% at 26,243, while the S&amp;amp;P BSE Sensex declined 0.41% to 85,413. Broader markets ended mixed, with the Nifty Midcap 100 index slipping 0.16% and the Nifty Smallcap 100 index rising 0.56%, indicating that market breadth continued to favour the bulls.",https://www.livemint.com/rss/markets
"Apax Funds buys minority stake in iD Fresh Food, early backers part exit",https://www.livemint.com/companies/start-ups/apax-funds-id-fresh-food-investment-ready-cook-food-market-india-11767606606151.html,2026-01-05 15:59:02 IST,"Apax Funds' stake buy comes amid intensifying competition in the ready-to-eat market and India’s strong preference for fresh, home-cooked meals.",https://www.livemint.com/rss/companies
"Kotak Bank Q3 Updates: Net advances jump 16% YoY to Rs 4.8 lakh crore, deposits rise 15%",https://economictimes.indiatimes.com/markets/stocks/news/kotak-bank-q3-updates-net-advances-jump-16-yoy-to-rs-4-8-lakh-crore-deposits-rise-15/articleshow/126353090.cms,2026-01-05 17:43:48 IST,"Kotak Mahindra Bank reported robust Q3FY26 growth, with net advances rising 16% YoY to Rs 4.8 lakh crore and deposits increasing 15% to Rs 5.43 lakh crore. Sequentially, both advances and deposits saw steady improvement. CASA grew 12% YoY, while the stock remained resilient, delivering 19% returns over the past year. The numbers are provisional and part of Kotak Bank's quarterly updates. It will announce its detailed earnings later.",https://economictimes.indiatimes.com/markets/stocks/rssfeeds/2146843.cms
"Ashok Leyland, Eicher Motors among 7 auto stocks hit 52-week highs; gains up to 17% in a month",https://economictimes.indiatimes.com/markets/stocks/news/ashok-leyland-eicher-motors-among-7-auto-stocks-hit-52-week-highs-gains-up-to-17-in-a-month/slideshow/126352901.cms,2026-01-05 17:25:24 IST,"Seven auto stocks from the BSE Auto Index touched fresh 52-week highs despite a weak broader market, signalling strong sectoral momentum and continued investor interest.",https://economictimes.indiatimes.com/markets/stocks/rssfeeds/2146843.cms
ICICI Prudential Life stock breaks out from symmetrical triangle pattern; what should investors do?,https://economictimes.indiatimes.com/markets/stocks/news/icici-prudential-life-stock-breaks-out-from-symmetrical-triangle-pattern-what-should-investors-do/articleshow/126304576.cms,2026-01-05 17:00:00 IST,"ICICI Prudential Life Insurance has confirmed a bullish breakout from a symmetrical triangle formation on the daily charts, signalling a potential continuation of the ongoing uptrend. The stock is trading above all key moving averages, supported by strong momentum indicators such as RSI and MACD. Experts believe the technical structure favours further upside in the near term, with targets placed in the Rs 680 to Rs 730 range, while advising traders to maintain disciplined risk management through defined stop losses.",https://economictimes.indiatimes.com/markets/stocks/rssfeeds/2146843.cms
Gainers &amp; Losers: Wipro and Waaree among 6 stocks that were major movers on Monday,https://economictimes.indiatimes.com/markets/stocks/news/gainers-amp-losers-wipro-and-waaree-among-6-stocks-that-were-major-movers-on-monday/slideshow/126351705.cms,2026-01-05 16:38:07 IST,"Gandhar Oil, Ola Electric, and Hindustan Copper surged on Monday, driven by trade volumes and sectoral strength. Wipro, Bajaj Finance, and Waaree Energies declined amid IT and financial weakness. Nifty fell 0.3% while Sensex gained 0.38%, reflecting mixed market trends.",https://economictimes.indiatimes.com/markets/stocks/rssfeeds/2146843.cms
Warren Buffett explains why stocks are better investment than real estate,https://www.livemint.com/market/stock-market-news/warren-buffett-explains-why-stocks-are-better-investment-than-real-estate-11767614899202.html,2026-01-05 17:48:04 IST,"A video of Warren Buffett, who recently stepped down from his role as the CEO of Berkshire Hathaway on December 31 after three decades, has resurfaced, wherein he is seen explaining why equities make for a better bet than stocks.",https://www.livemint.com/rss/markets
Gold and silver leap as arrest of Venezuela’s Maduro stokes geopolitical risks,https://www.livemint.com/market/commodities/gold-and-silver-leap-as-arrest-of-venezuela-s-maduro-stokes-geopolitical-risks-11767615175715.html,2026-01-05 17:45:43 IST,"The U.S. ousting of Venezuela’s Nicolás Maduro, alongside threats of further gunboat diplomacy, are stoking demand for safe-haven assets.",https://www.livemint.com/rss/markets
US attacks Venezuela! How may the US stock market open today? Explained,https://www.livemint.com/market/stock-market-news/us-attacks-venezuela-how-may-the-us-stock-market-open-today-explained-11767611511586.html,2026-01-05 17:43:26 IST,"The US stock market is poised for a positive opening on January 6, despite the military operation in Venezuela and the capture of President Maduro. Oil companies, particularly Chevron, surged in premarket trading, while technology stocks also saw gains amid optimistic investor sentiment.",https://www.livemint.com/rss/markets
US-Venezuela conflict: Is it the right time to increase exposure to gold?,https://www.livemint.com/market/commodities/usvenezuela-conflict-is-it-the-right-time-to-increase-exposure-to-gold-11767611258268.html,2026-01-05 17:42:11 IST,"As geopolitical tensions rise between the US and Venezuela, gold prices have surged, attracting investor interest. Experts weigh in on the potential for long-term gains versus the risks of volatility and corrections in the market. Is now the time to invest in gold?",https://www.livemint.com/rss/markets
Why ETFs aren't always cheaper than index mutual funds,https://www.livemint.com/market/stock-market-news/why-etfs-arent-always-cheaper-than-index-mutual-funds-11767008616929.html,2026-01-05 17:04:05 IST,"ETFs appear cheaper due to lower expense ratios, but total ownership costs include bid-ask spreads paid on every transaction. For regular investors, these invisible transaction costs often outweigh the expense ratio advantage.",https://www.livemint.com/rss/markets
"Silver’s quiet rise: How India, EVs, and ETFs are reshaping its safe-haven role",https://www.livemint.com/market/silver-demand-india-etfs-industrial-growth-safe-haven-11767608253997.html,2026-01-05 17:00:35 IST,"Until recently, bullion dealers accounted for the bulk of physical purchases of silver. However, the demand for physical silver is now being driven by ETFs. There’s also a second big shift. Mint analyses this dual-engine boom.",https://www.livemint.com/rss/markets
Mint Explainer | Can gig workers form traditional trade unions?,https://www.livemint.com/companies/news/gig-workers-trade-unions-food-delivery-quick-commerce-swiggy-zomato-uber-blinkit-labour-codes-11767609650151.html,2026-01-05 17:56:09 IST,"While India has many groups representing workers of food delivery, quick commerce, and app-based taxi aggregators, they are not registered trade unions. However, coming changes in Indian labour laws lend similar legitimacy to these rules.",https://www.livemint.com/rss/companies
Hidden Value? 8 stocks with enterprise value higher than market cap,https://economictimes.indiatimes.com/markets/stocks/news/hidden-value-8-stocks-with-enterprise-value-higher-than-market-cap/slideshow/126354506.cms,2026-01-05 18:38:13 IST,,https://economictimes.indiatimes.com/markets/stocks/rssfeeds/2146843.cms
"EV, solar stock Servotech Renewable Power in focus as company forays into E-3W business. Details here",https://www.livemint.com/market/stock-market-news/ev-solar-stock-servotech-renewable-power-announces-foray-into-e-3w-business-details-here-11767615046608.html,2026-01-05 18:44:38 IST,"Servotech Renewable Power System has launched SULTAN, a lithium-ion battery for electric three-wheelers, alongside Zest charger and Voltie solar inverter. This marks the company's entry into the growing electric three-wheeler segment, enhancing its clean mobility and renewable energy offerings.",https://www.livemint.com/rss/markets
U.S. stocks show little reaction to Trump's extraordinary Venezuela action. Why investors see a bull case,https://www.cnbc.com/2026/01/05/us-stocks-show-little-reaction-to-trumps-extraordinary-venezuela-action-why-investors-see-a-bull-case.html,2026-01-05 18:56:44 IST,"Geopolitical shocks historically have little impact on the stock market, and, additionally, investors do not expect the attack will escalate further.",https://www.cnbc.com/id/10000664/device/rss/rss.html
Two Trades for Today: A payment services major for a 8.2% surge; a large-cap PSU bank stock for an almost 6% gain,https://economictimes.indiatimes.com/markets/stocks/news/two-trades-for-today-a-payment-services-major-for-a-8-2-surge-a-large-cap-psu-bank-stock-for-an-almost-6-gain/articleshow/126355259.cms,2026-01-05 19:46:23 IST,Our technical analysts identify select stocks that may gain momentum even in volatile markets. Here are the technical calls for today.,https://economictimes.indiatimes.com/markets/stocks/rssfeeds/2146843.cms
Devyani–Sapphire deal: India’s biggest QSR merger in 10 points,https://economictimes.indiatimes.com/markets/stocks/news/devyanisapphire-deal-indias-biggest-qsr-merger-in-10-points/videoshow/126355193.cms,2026-01-05 19:38:16 IST,,https://economictimes.indiatimes.com/markets/stocks/rssfeeds/2146843.cms
"'Too cheap to ignore': Jefferies initiates coverage on Emmvee Photovoltaic, sees 70% upside",https://economictimes.indiatimes.com/markets/stocks/news/too-cheap-to-ignore-jefferies-initiates-coverage-on-emmvee-photovoltaic-sees-70-upside/articleshow/126355024.cms,2026-01-05 19:27:01 IST,"Jefferies initiates Buy on Emmvee Photovoltaic, citing India’s rapid solar scale-up, strong policy support and cost advantages. It expects installations to grow 24% CAGR, lifting domestic manufacturers’ profitability and positioning Emmvee for high-teen returns despite medium-term margin pressures.",https://economictimes.indiatimes.com/markets/stocks/rssfeeds/2146843.cms
Weekly Top Picks: These stocks scored 10 on 10 on Stock Reports Plus,https://economictimes.indiatimes.com/markets/stocks/news/weekly-top-picks-these-stocks-scored-10-on-10-on-stock-reports-plus/articleshow/126354881.cms,2026-01-05 19:21:52 IST,"Stock Reports Plus, powered by Refinitiv, undertakes detailed company analysis for 4,000+ listed stocks. In addition to detailed company analyses, the report also collates analysts’ forecasts and trend analysis for each component. An average score in Stock Reports Plus is calculated by undertaking quantitative analysis of five key investment tools – earnings, fundamentals, relative valuation, risk, and price momentum.",https://economictimes.indiatimes.com/markets/stocks/rssfeeds/2146843.cms
Exxon Mobil shares jump 5% in pre-market trade on NYSE after Donald Trump signals access to Venezuela's oil reserves,https://www.livemint.com/market/stock-market-news/exxon-mobil-shares-jump-5-in-pre-market-trade-on-nyse-after-donald-trump-signals-access-to-venezuelas-oil-reserves-11767619508356.html,2026-01-05 19:44:31 IST,"Exxon Mobile shares surged 5% in pre-market trade on NYSE, reaching $126.33 apiece after US President Donald Trump said the United States would “run” Venezuela following the ousting of Nicolás Maduro over the weekend.",https://www.livemint.com/rss/markets
These large-caps have ‘strong buy’ &amp; ‘buy’ recos and an upside potential of up to 38%,https://economictimes.indiatimes.com/markets/stocks/news/these-large-caps-have-strong-buy-buy-recos-and-an-upside-potential-of-up-to-38/articleshow/126355959.cms,2026-01-05 20:37:53 IST,"With most market players back in their offices after the New Year break, volatility is again visible on the street. And there is a possibility that it will be around for some time. More than volatility at the level of indices, what needs to be watched is market breadth and how the currency is behaving. If these two things are fine, then it is likely that the bias of volatility will remain bullish. So, in the next few sessions, besides what is happening to the Nifty and Sensex, keep an eye on a couple of things inside the market – and also outside.",https://economictimes.indiatimes.com/markets/stocks/rssfeeds/2146843.cms
"Gold rates today: MCX gold surges  ₹2,400 per 10g, silver prices zoom  ₹13,500 per kg on US-Venezuela tensions",https://www.livemint.com/market/commodities/gold-rates-today-mcx-gold-surges-rs-2-400-per-10g-silver-prices-zoom-rs-13-500-per-kg-on-us-venezuela-tensions-11767622665852.html,2026-01-05 20:37:22 IST,"Gold and silver prices surged as geopolitical concerns rose following the US military operation in Venezuela. Gold futures on MCX opened at  ₹1,36,300 and peaked at  ₹1,38,200. Silver prices also increased, with March futures reaching  ₹2,49,900.",https://www.livemint.com/rss/markets
Simple Energy looks to raise $30-40 million as it launches its long-range scooter yet,https://www.livemint.com/companies/news/simple-energy-gen-2-price-simple-ultra-range-11767621075553.html,2026-01-05 20:28:32 IST,"The funds will largely be from international backers and existing investors, in what could be its first round with institutional participation, chief executive Suhas Rajkumar told Mint.The Simple Ultra scooter, launched on Monday, has a claimed range of 400 km.",https://www.livemint.com/rss/companies
"HDFC AMC bets on fast-growing private credit market with new  ₹2,500-crore fund",https://www.livemint.com/companies/hdfc-amc-bets-on-fast-growing-private-credit-market-with-new-rs-2-500-crore-fund-11767622996998.html,2026-01-05 20:02:42 IST,"The fund has already secured about  ₹1,290 crore in commitments in its first close, and is targeting a total corpus of  ₹1,500 crore, with a green-shoe option of an additional  ₹1,000 crore.",https://www.livemint.com/rss/companies
JPMorgan forms special advisory group to share some of bank's 'secret sauce' with clients,https://www.cnbc.com/2026/01/05/jpmorgan-forms-special-advisory-group-to-share-some-of-banks-secret-sauce-with-clients.html,2026-01-05 20:33:50 IST,"They're calling the initiative the ""Special Advisory Services,"" which launches today, with Liz Myers, who also serves as the global chair of investment banking, at the helm.",https://www.cnbc.com/id/10000664/device/rss/rss.html
Minneapolis Fed's Kashkari indicates interest rates don't need to be cut much more,https://www.cnbc.com/2026/01/05/minneapolis-feds-kashkari-indicates-interest-rates-dont-need-to-be-cut-much-more.html,2026-01-05 19:42:10 IST,"In a CNBC interview, he said the key now is whether the Fed should be more focused on the labor market or inflation.",https://www.cnbc.com/id/10000664/device/rss/rss.html
Ahead of Market: 10 things that will decide stock market action on Tuesday,https://economictimes.indiatimes.com/markets/stocks/news/ahead-of-market-10-things-that-will-decide-stock-market-action-on-tuesday/articleshow/126356590.cms,2026-01-05 21:24:39 IST,"Indian markets closed lower as IT stocks and tariff concerns offset positive earnings cues. Nifty held key breakout levels despite profit-taking, while global markets stayed mixed amid geopolitical tensions, rising oil prices and cautious investor sentiment ahead of key data.",https://economictimes.indiatimes.com/markets/stocks/rssfeeds/2146843.cms
"Market Trading Guide: Buy Eicher Motors, Motherson Sumi &amp; 3 stocks on Tuesday for up to 15% gains",https://economictimes.indiatimes.com/markets/stocks/news/market-trading-guide-buy-eicher-motors-motherson-sumi-amp-3-stocks-on-tuesday-for-up-to-15-gains/slideshow/126356513.cms,2026-01-05 21:04:06 IST,"Markets ended lower as Nifty slipped amid IT and energy weakness, but analysts see healthy consolidation above key supports. Experts suggest selective stock picking, highlighting five technical buy ideas with defined targets, stop losses and near-term upside potential ahead soon.",https://economictimes.indiatimes.com/markets/stocks/rssfeeds/2146843.cms
